Rk,Franchise,From,To,G,W,L,W-L%,G>.500,Divs,Pnnts,WS,Playoffs,Players,HOF#,R,AB,H,HR,BA,RA,ERA
,Anaheim Angels see Los Angeles Angels,Anaheim Angels see Los Angeles Angels,Anaheim Angels see Los Angeles Angels,Anaheim Angels see Los Angeles Angels,Anaheim Angels see Los Angeles Angels,Anaheim Angels see Los Angeles Angels,Anaheim Angels see Los Angeles Angels,Anaheim Angels see Los Angeles Angels,Anaheim Angels see Los Angeles Angels,Anaheim Angels see Los Angeles Angels,Anaheim Angels see Los Angeles Angels,Anaheim Angels see Los Angeles Angels,Anaheim Angels see Los Angeles Angels,Anaheim Angels see Los Angeles Angels,Anaheim Angels see Los Angeles Angels,Anaheim Angels see Los Angeles Angels,Anaheim Angels see Los Angeles Angels,Anaheim Angels see Los Angeles Angels,Anaheim Angels see Los Angeles Angels,Anaheim Angels see Los Angeles Angels,Anaheim Angels see Los Angeles Angels
1,Arizona Diamondbacks,1998,2026,4510,2206,2304,.489,-98,5,2,1,7,656,2,20625,153772,39123,4827,.254,20927,4.29
2,Athletics,1901,2026,19514,9443,9984,.486,-541,17,15,9,29,2161,43,86189,661504,170237,14404,.257,89336,4.01
,Also played as Oakland Athletics Kansas City Athletics and Philadelphia Athletics,Also played as Oakland Athletics Kansas City Athletics and Philadelphia Athletics,Also played as Oakland Athletics Kansas City Athletics and Philadelphia Athletics,Also played as Oakland Athletics Kansas City Athletics and Philadelphia Athletics,Also played as Oakland Athletics Kansas City Athletics and Philadelphia Athletics,Also played as Oakland Athletics Kansas City Athletics and Philadelphia Athletics,Also played as Oakland Athletics Kansas City Athletics and Philadelphia Athletics,Also played as Oakland Athletics Kansas City Athletics and Philadelphia Athletics,Also played as Oakland Athletics Kansas City Athletics and Philadelphia Athletics,Also played as Oakland Athletics Kansas City Athletics and Philadelphia Athletics,Also played as Oakland Athletics Kansas City Athletics and Philadelphia Athletics,Also played as Oakland Athletics Kansas City Athletics and Philadelphia Athletics,Also played as Oakland Athletics Kansas City Athletics and Philadelphia Athletics,Also played as Oakland Athletics Kansas City Athletics and Philadelphia Athletics,Also played as Oakland Athletics Kansas City Athletics and Philadelphia Athletics,Also played as Oakland Athletics Kansas City Athletics and Philadelphia Athletics,Also played as Oakland Athletics Kansas City Athletics and Philadelphia Athletics,Also played as Oakland Athletics Kansas City Athletics and Philadelphia Athletics,Also played as Oakland Athletics Kansas City Athletics and Philadelphia Athletics,Also played as Oakland Athletics Kansas City Athletics and Philadelphia Athletics,Also played as Oakland Athletics Kansas City Athletics and Philadelphia Athletics
3,Atlanta Braves,1876,2026,22454,11238,11062,.504,176,23,18,4,30,2184,56,100422,768739,199581,15295,.260,98817,3.67
,Also played as Milwaukee Braves Boston Braves Boston Bees Boston Boston Doves Boston Nationals and Boston Reds,Also played as Milwaukee Braves Boston Braves Boston Bees Boston Boston Doves Boston Nationals and Boston Reds,Also played as Milwaukee Braves Boston Braves Boston Bees Boston Boston Doves Boston Nationals and Boston Reds,Also played as Milwaukee Braves Boston Braves Boston Bees Boston Boston Doves Boston Nationals and Boston Reds,Also played as Milwaukee Braves Boston Braves Boston Bees Boston Boston Doves Boston Nationals and Boston Reds,Also played as Milwaukee Braves Boston Braves Boston Bees Boston Boston Doves Boston Nationals and Boston Reds,Also played as Milwaukee Braves Boston Braves Boston Bees Boston Boston Doves Boston Nationals and Boston Reds,Also played as Milwaukee Braves Boston Braves Boston Bees Boston Boston Doves Boston Nationals and Boston Reds,Also played as Milwaukee Braves Boston Braves Boston Bees Boston Boston Doves Boston Nationals and Boston Reds,Also played as Milwaukee Braves Boston Braves Boston Bees Boston Boston Doves Boston Nationals and Boston Reds,Also played as Milwaukee Braves Boston Braves Boston Bees Boston Boston Doves Boston Nationals and Boston Reds,Also played as Milwaukee Braves Boston Braves Boston Bees Boston Boston Doves Boston Nationals and Boston Reds,Also played as Milwaukee Braves Boston Braves Boston Bees Boston Boston Doves Boston Nationals and Boston Reds,Also played as Milwaukee Braves Boston Braves Boston Bees Boston Boston Doves Boston Nationals and Boston Reds,Also played as Milwaukee Braves Boston Braves Boston Bees Boston Boston Doves Boston Nationals and Boston Reds,Also played as Milwaukee Braves Boston Braves Boston Bees Boston Boston Doves Boston Nationals and Boston Reds,Also played as Milwaukee Braves Boston Braves Boston Bees Boston Boston Doves Boston Nationals and Boston Reds,Also played as Milwaukee Braves Boston Braves Boston Bees Boston Boston Doves Boston Nationals and Boston Reds,Also played as Milwaukee Braves Boston Braves Boston Bees Boston Boston Doves Boston Nationals and Boston Reds,Also played as Milwaukee Braves Boston Braves Boston Bees Boston Boston Doves Boston Nationals and Boston Reds,Also played as Milwaukee Braves Boston Braves Boston Bees Boston Boston Doves Boston Nationals and Boston Reds
4,Baltimore Orioles,1901,2026,19554,9231,10213,.475,-982,10,7,3,16,2038,34,84455,664122,171245,14660,.258,89981,4.06
,Also played as St. Louis Browns and Milwaukee Brewers,Also played as St. Louis Browns and Milwaukee Brewers,Also played as St. Louis Browns and Milwaukee Brewers,Also played as St. Louis Browns and Milwaukee Brewers,Also played as St. Louis Browns and Milwaukee Brewers,Also played as St. Louis Browns and Milwaukee Brewers,Also played as St. Louis Browns and Milwaukee Brewers,Also played as St. Louis Browns and Milwaukee Brewers,Also played as St. Louis Browns and Milwaukee Brewers,Also played as St. Louis Browns and Milwaukee Brewers,Also played as St. Louis Browns and Milwaukee Brewers,Also played as St. Louis Browns and Milwaukee Brewers,Also played as St. Louis Browns and Milwaukee Brewers,Also played as St. Louis Browns and Milwaukee Brewers,Also played as St. Louis Browns and Milwaukee Brewers,Also played as St. Louis Browns and Milwaukee Brewers,Also played as St. Louis Browns and Milwaukee Brewers,Also played as St. Louis Browns and Milwaukee Brewers,Also played as St. Louis Browns and Milwaukee Brewers,Also played as St. Louis Browns and Milwaukee Brewers,Also played as St. Louis Browns and Milwaukee Brewers
,Boston Braves see Atlanta Braves,Boston Braves see Atlanta Braves,Boston Braves see Atlanta Braves,Boston Braves see Atlanta Braves,Boston Braves see Atlanta Braves,Boston Braves see Atlanta Braves,Boston Braves see Atlanta Braves,Boston Braves see Atlanta Braves,Boston Braves see Atlanta Braves,Boston Braves see Atlanta Braves,Boston Braves see Atlanta Braves,Boston Braves see Atlanta Braves,Boston Braves see Atlanta Braves,Boston Braves see Atlanta Braves,Boston Braves see Atlanta Braves,Boston Braves see Atlanta Braves,Boston Braves see Atlanta Braves,Boston Braves see Atlanta Braves,Boston Braves see Atlanta Braves,Boston Braves see Atlanta Braves,Boston Braves see Atlanta Braves
5,Boston Red Sox,1901,2026,19537,10075,9379,.518,696,10,14,9,26,1997,40,91220,668628,178314,14792,.267,87532,3.92
,Also played as Boston Americans,Also played as Boston Americans,Also played as Boston Americans,Also played as Boston Americans,Also played as Boston Americans,Also played as Boston Americans,Also played as Boston Americans,Also played as Boston Americans,Also played as Boston Americans,Also played as Boston Americans,Also played as Boston Americans,Also played as Boston Americans,Also played as Boston Americans,Also played as Boston Americans,Also played as Boston Americans,Also played as Boston Americans,Also played as Boston Americans,Also played as Boston Americans,Also played as Boston Americans,Also played as Boston Americans,Also played as Boston Americans
,Brooklyn Dodgers see Los Angeles Dodgers,Brooklyn Dodgers see Los Angeles Dodgers,Brooklyn Dodgers see Los Angeles Dodgers,Brooklyn Dodgers see Los Angeles Dodgers,Brooklyn Dodgers see Los Angeles Dodgers,Brooklyn Dodgers see Los Angeles Dodgers,Brooklyn Dodgers see Los Angeles Dodgers,Brooklyn Dodgers see Los Angeles Dodgers,Brooklyn Dodgers see Los Angeles Dodgers,Brooklyn Dodgers see Los Angeles Dodgers,Brooklyn Dodgers see Los Angeles Dodgers,Brooklyn Dodgers see Los Angeles Dodgers,Brooklyn Dodgers see Los Angeles Dodgers,Brooklyn Dodgers see Los Angeles Dodgers,Brooklyn Dodgers see Los Angeles Dodgers,Brooklyn Dodgers see Los Angeles Dodgers,Brooklyn Dodgers see Los Angeles Dodgers,Brooklyn Dodgers see Los Angeles Dodgers,Brooklyn Dodgers see Los Angeles Dodgers,Brooklyn Dodgers see Los Angeles Dodgers,Brooklyn Dodgers see Los Angeles Dodgers
,California Angels see Los Angeles Angels,California Angels see Los Angeles Angels,California Angels see Los Angeles Angels,California Angels see Los Angeles Angels,California Angels see Los Angeles Angels,California Angels see Los Angeles Angels,California Angels see Los Angeles Angels,California Angels see Los Angeles Angels,California Angels see Los Angeles Angels,California Angels see Los Angeles Angels,California Angels see Los Angeles Angels,California Angels see Los Angeles Angels,California Angels see Los Angeles Angels,California Angels see Los Angeles Angels,California Angels see Los Angeles Angels,California Angels see Los Angeles Angels,California Angels see Los Angeles Angels,California Angels see Los Angeles Angels,California Angels see Los Angeles Angels,California Angels see Los Angeles Angels,California Angels see Los Angeles Angels
6,Chicago Cubs,1876,2026,22494,11459,10874,.513,585,8,17,3,22,2297,46,103589,769690,201469,15497,.262,99899,3.70
,Also played as Chicago Chicago Orphans Chicago Colts and Chicago White Stockings,Also played as Chicago Chicago Orphans Chicago Colts and Chicago White Stockings,Also played as Chicago Chicago Orphans Chicago Colts and Chicago White Stockings,Also played as Chicago Chicago Orphans Chicago Colts and Chicago White Stockings,Also played as Chicago Chicago Orphans Chicago Colts and Chicago White Stockings,Also played as Chicago Chicago Orphans Chicago Colts and Chicago White Stockings,Also played as Chicago Chicago Orphans Chicago Colts and Chicago White Stockings,Also played as Chicago Chicago Orphans Chicago Colts and Chicago White Stockings,Also played as Chicago Chicago Orphans Chicago Colts and Chicago White Stockings,Also played as Chicago Chicago Orphans Chicago Colts and Chicago White Stockings,Also played as Chicago Chicago Orphans Chicago Colts and Chicago White Stockings,Also played as Chicago Chicago Orphans Chicago Colts and Chicago White Stockings,Also played as Chicago Chicago Orphans Chicago Colts and Chicago White Stockings,Also played as Chicago Chicago Orphans Chicago Colts and Chicago White Stockings,Also played as Chicago Chicago Orphans Chicago Colts and Chicago White Stockings,Also played as Chicago Chicago Orphans Chicago Colts and Chicago White Stockings,Also played as Chicago Chicago Orphans Chicago Colts and Chicago White Stockings,Also played as Chicago Chicago Orphans Chicago Colts and Chicago White Stockings,Also played as Chicago Chicago Orphans Chicago Colts and Chicago White Stockings,Also played as Chicago Chicago Orphans Chicago Colts and Chicago White Stockings,Also played as Chicago Chicago Orphans Chicago Colts and Chicago White Stockings
7,Chicago White Sox,1901,2026,19546,9693,9750,.499,-57,6,6,3,11,1979,36,84918,661769,171682,12519,.259,85112,3.81
8,Cincinnati Reds,1882,2026,22076,11053,10884,.504,169,10,10,5,17,2202,38,99036,752110,195819,14534,.260,98314,3.77
,Also played as Cincinnati Redlegs and Cincinnati,Also played as Cincinnati Redlegs and Cincinnati,Also played as Cincinnati Redlegs and Cincinnati,Also played as Cincinnati Redlegs and Cincinnati,Also played as Cincinnati Redlegs and Cincinnati,Also played as Cincinnati Redlegs and Cincinnati,Also played as Cincinnati Redlegs and Cincinnati,Also played as Cincinnati Redlegs and Cincinnati,Also played as Cincinnati Redlegs and Cincinnati,Also played as Cincinnati Redlegs and Cincinnati,Also played as Cincinnati Redlegs and Cincinnati,Also played as Cincinnati Redlegs and Cincinnati,Also played as Cincinnati Redlegs and Cincinnati,Also played as Cincinnati Redlegs and Cincinnati,Also played as Cincinnati Redlegs and Cincinnati,Also played as Cincinnati Redlegs and Cincinnati,Also played as Cincinnati Redlegs and Cincinnati,Also played as Cincinnati Redlegs and Cincinnati,Also played as Cincinnati Redlegs and Cincinnati,Also played as Cincinnati Redlegs and Cincinnati,Also played as Cincinnati Redlegs and Cincinnati
9,Cleveland Guardians,1901,2026,19551,9981,9479,.513,502,13,6,2,18,2037,37,88283,666127,176085,14109,.264,86057,3.83
,Also played as Cleveland Indians Cleveland Naps Cleveland Napoleons Cleveland Blues and Cleveland,Also played as Cleveland Indians Cleveland Naps Cleveland Napoleons Cleveland Blues and Cleveland,Also played as Cleveland Indians Cleveland Naps Cleveland Napoleons Cleveland Blues and Cleveland,Also played as Cleveland Indians Cleveland Naps Cleveland Napoleons Cleveland Blues and Cleveland,Also played as Cleveland Indians Cleveland Naps Cleveland Napoleons Cleveland Blues and Cleveland,Also played as Cleveland Indians Cleveland Naps Cleveland Napoleons Cleveland Blues and Cleveland,Also played as Cleveland Indians Cleveland Naps Cleveland Napoleons Cleveland Blues and Cleveland,Also played as Cleveland Indians Cleveland Naps Cleveland Napoleons Cleveland Blues and Cleveland,Also played as Cleveland Indians Cleveland Naps Cleveland Napoleons Cleveland Blues and Cleveland,Also played as Cleveland Indians Cleveland Naps Cleveland Napoleons Cleveland Blues and Cleveland,Also played as Cleveland Indians Cleveland Naps Cleveland Napoleons Cleveland Blues and Cleveland,Also played as Cleveland Indians Cleveland Naps Cleveland Napoleons Cleveland Blues and Cleveland,Also played as Cleveland Indians Cleveland Naps Cleveland Napoleons Cleveland Blues and Cleveland,Also played as Cleveland Indians Cleveland Naps Cleveland Napoleons Cleveland Blues and Cleveland,Also played as Cleveland Indians Cleveland Naps Cleveland Napoleons Cleveland Blues and Cleveland,Also played as Cleveland Indians Cleveland Naps Cleveland Napoleons Cleveland Blues and Cleveland,Also played as Cleveland Indians Cleveland Naps Cleveland Napoleons Cleveland Blues and Cleveland,Also played as Cleveland Indians Cleveland Naps Cleveland Napoleons Cleveland Blues and Cleveland,Also played as Cleveland Indians Cleveland Naps Cleveland Napoleons Cleveland Blues and Cleveland,Also played as Cleveland Indians Cleveland Naps Cleveland Napoleons Cleveland Blues and Cleveland,Also played as Cleveland Indians Cleveland Naps Cleveland Napoleons Cleveland Blues and Cleveland
10,Colorado Rockies,1993,2026,5259,2394,2865,.455,-471,0,1,0,5,723,2,25858,180486,48613,5929,.269,28118,5.05
11,Detroit Tigers,1901,2026,19574,9795,9686,.503,109,7,11,4,18,1845,24,89829,667393,176161,14803,.264,89542,4.00
12,Houston Astros,1962,2026,10219,5132,5082,.502,50,14,5,2,18,1044,13,43606,346799,88357,8665,.255,42921,3.81
,Also played as Houston Colt .45s,Also played as Houston Colt .45s,Also played as Houston Colt .45s,Also played as Houston Colt .45s,Also played as Houston Colt .45s,Also played as Houston Colt .45s,Also played as Houston Colt .45s,Also played as Houston Colt .45s,Also played as Houston Colt .45s,Also played as Houston Colt .45s,Also played as Houston Colt .45s,Also played as Houston Colt .45s,Also played as Houston Colt .45s,Also played as Houston Colt .45s,Also played as Houston Colt .45s,Also played as Houston Colt .45s,Also played as Houston Colt .45s,Also played as Houston Colt .45s,Also played as Houston Colt .45s,Also played as Houston Colt .45s,Also played as Houston Colt .45s
,Kansas City Athletics see Oakland Athletics,Kansas City Athletics see Oakland Athletics,Kansas City Athletics see Oakland Athletics,Kansas City Athletics see Oakland Athletics,Kansas City Athletics see Oakland Athletics,Kansas City Athletics see Oakland Athletics,Kansas City Athletics see Oakland Athletics,Kansas City Athletics see Oakland Athletics,Kansas City Athletics see Oakland Athletics,Kansas City Athletics see Oakland Athletics,Kansas City Athletics see Oakland Athletics,Kansas City Athletics see Oakland Athletics,Kansas City Athletics see Oakland Athletics,Kansas City Athletics see Oakland Athletics,Kansas City Athletics see Oakland Athletics,Kansas City Athletics see Oakland Athletics,Kansas City Athletics see Oakland Athletics,Kansas City Athletics see Oakland Athletics,Kansas City Athletics see Oakland Athletics,Kansas City Athletics see Oakland Athletics,Kansas City Athletics see Oakland Athletics
13,Kansas City Royals,1969,2026,9072,4322,4748,.477,-426,8,4,2,10,1047,5,39645,310178,81360,7204,.262,41830,4.25
14,Los Angeles Angels,1961,2026,10379,5124,5252,.494,-128,9,1,1,10,1296,13,44909,352041,89912,9467,.255,45769,4.02
,Also played as Los Angeles Angels of Anaheim Anaheim Angels and California Angels,Also played as Los Angeles Angels of Anaheim Anaheim Angels and California Angels,Also played as Los Angeles Angels of Anaheim Anaheim Angels and California Angels,Also played as Los Angeles Angels of Anaheim Anaheim Angels and California Angels,Also played as Los Angeles Angels of Anaheim Anaheim Angels and California Angels,Also played as Los Angeles Angels of Anaheim Anaheim Angels and California Angels,Also played as Los Angeles Angels of Anaheim Anaheim Angels and California Angels,Also played as Los Angeles Angels of Anaheim Anaheim Angels and California Angels,Also played as Los Angeles Angels of Anaheim Anaheim Angels and California Angels,Also played as Los Angeles Angels of Anaheim Anaheim Angels and California Angels,Also played as Los Angeles Angels of Anaheim Anaheim Angels and California Angels,Also played as Los Angeles Angels of Anaheim Anaheim Angels and California Angels,Also played as Los Angeles Angels of Anaheim Anaheim Angels and California Angels,Also played as Los Angeles Angels of Anaheim Anaheim Angels and California Angels,Also played as Los Angeles Angels of Anaheim Anaheim Angels and California Angels,Also played as Los Angeles Angels of Anaheim Anaheim Angels and California Angels,Also played as Los Angeles Angels of Anaheim Anaheim Angels and California Angels,Also played as Los Angeles Angels of Anaheim Anaheim Angels and California Angels,Also played as Los Angeles Angels of Anaheim Anaheim Angels and California Angels,Also played as Los Angeles Angels of Anaheim Anaheim Angels and California Angels,Also played as Los Angeles Angels of Anaheim Anaheim Angels and California Angels
15,Los Angeles Dodgers,1884,2026,21878,11574,10165,.532,1409,23,27,9,39,2013,56,98878,745374,194692,14404,.261,92409,3.53
,Also played as Brooklyn Dodgers Brooklyn Robins Brooklyn Superbas Brooklyn Grooms Brooklyn and Brooklyn Bridegrooms,Also played as Brooklyn Dodgers Brooklyn Robins Brooklyn Superbas Brooklyn Grooms Brooklyn and Brooklyn Bridegrooms,Also played as Brooklyn Dodgers Brooklyn Robins Brooklyn Superbas Brooklyn Grooms Brooklyn and Brooklyn Bridegrooms,Also played as Brooklyn Dodgers Brooklyn Robins Brooklyn Superbas Brooklyn Grooms Brooklyn and Brooklyn Bridegrooms,Also played as Brooklyn Dodgers Brooklyn Robins Brooklyn Superbas Brooklyn Grooms Brooklyn and Brooklyn Bridegrooms,Also played as Brooklyn Dodgers Brooklyn Robins Brooklyn Superbas Brooklyn Grooms Brooklyn and Brooklyn Bridegrooms,Also played as Brooklyn Dodgers Brooklyn Robins Brooklyn Superbas Brooklyn Grooms Brooklyn and Brooklyn Bridegrooms,Also played as Brooklyn Dodgers Brooklyn Robins Brooklyn Superbas Brooklyn Grooms Brooklyn and Brooklyn Bridegrooms,Also played as Brooklyn Dodgers Brooklyn Robins Brooklyn Superbas Brooklyn Grooms Brooklyn and Brooklyn Bridegrooms,Also played as Brooklyn Dodgers Brooklyn Robins Brooklyn Superbas Brooklyn Grooms Brooklyn and Brooklyn Bridegrooms,Also played as Brooklyn Dodgers Brooklyn Robins Brooklyn Superbas Brooklyn Grooms Brooklyn and Brooklyn Bridegrooms,Also played as Brooklyn Dodgers Brooklyn Robins Brooklyn Superbas Brooklyn Grooms Brooklyn and Brooklyn Bridegrooms,Also played as Brooklyn Dodgers Brooklyn Robins Brooklyn Superbas Brooklyn Grooms Brooklyn and Brooklyn Bridegrooms,Also played as Brooklyn Dodgers Brooklyn Robins Brooklyn Superbas Brooklyn Grooms Brooklyn and Brooklyn Bridegrooms,Also played as Brooklyn Dodgers Brooklyn Robins Brooklyn Superbas Brooklyn Grooms Brooklyn and Brooklyn Bridegrooms,Also played as Brooklyn Dodgers Brooklyn Robins Brooklyn Superbas Brooklyn Grooms Brooklyn and Brooklyn Bridegrooms,Also played as Brooklyn Dodgers Brooklyn Robins Brooklyn Superbas Brooklyn Grooms Brooklyn and Brooklyn Bridegrooms,Also played as Brooklyn Dodgers Brooklyn Robins Brooklyn Superbas Brooklyn Grooms Brooklyn and Brooklyn Bridegrooms,Also played as Brooklyn Dodgers Brooklyn Robins Brooklyn Superbas Brooklyn Grooms Brooklyn and Brooklyn Bridegrooms,Also played as Brooklyn Dodgers Brooklyn Robins Brooklyn Superbas Brooklyn Grooms Brooklyn and Brooklyn Bridegrooms,Also played as Brooklyn Dodgers Brooklyn Robins Brooklyn Superbas Brooklyn Grooms Brooklyn and Brooklyn Bridegrooms
16,Miami Marlins,1993,2026,5251,2421,2830,.461,-409,0,2,2,4,804,6,22135,178443,45424,4786,.255,24384,4.30
,Also played as Florida Marlins,Also played as Florida Marlins,Also played as Florida Marlins,Also played as Florida Marlins,Also played as Florida Marlins,Also played as Florida Marlins,Also played as Florida Marlins,Also played as Florida Marlins,Also played as Florida Marlins,Also played as Florida Marlins,Also played as Florida Marlins,Also played as Florida Marlins,Also played as Florida Marlins,Also played as Florida Marlins,Also played as Florida Marlins,Also played as Florida Marlins,Also played as Florida Marlins,Also played as Florida Marlins,Also played as Florida Marlins,Also played as Florida Marlins,Also played as Florida Marlins
,Milwaukee Braves see Atlanta Braves,Milwaukee Braves see Atlanta Braves,Milwaukee Braves see Atlanta Braves,Milwaukee Braves see Atlanta Braves,Milwaukee Braves see Atlanta Braves,Milwaukee Braves see Atlanta Braves,Milwaukee Braves see Atlanta Braves,Milwaukee Braves see Atlanta Braves,Milwaukee Braves see Atlanta Braves,Milwaukee Braves see Atlanta Braves,Milwaukee Braves see Atlanta Braves,Milwaukee Braves see Atlanta Braves,Milwaukee Braves see Atlanta Braves,Milwaukee Braves see Atlanta Braves,Milwaukee Braves see Atlanta Braves,Milwaukee Braves see Atlanta Braves,Milwaukee Braves see Atlanta Braves,Milwaukee Braves see Atlanta Braves,Milwaukee Braves see Atlanta Braves,Milwaukee Braves see Atlanta Braves,Milwaukee Braves see Atlanta Braves
17,Milwaukee Brewers,1969,2026,9078,4450,4624,.490,-174,8,1,0,11,1089,9,40499,308197,78956,8898,.256,41027,4.13
,Also played as Seattle Pilots,Also played as Seattle Pilots,Also played as Seattle Pilots,Also played as Seattle Pilots,Also played as Seattle Pilots,Also played as Seattle Pilots,Also played as Seattle Pilots,Also played as Seattle Pilots,Also played as Seattle Pilots,Also played as Seattle Pilots,Also played as Seattle Pilots,Also played as Seattle Pilots,Also played as Seattle Pilots,Also played as Seattle Pilots,Also played as Seattle Pilots,Also played as Seattle Pilots,Also played as Seattle Pilots,Also played as Seattle Pilots,Also played as Seattle Pilots,Also played as Seattle Pilots,Also played as Seattle Pilots
,Milwaukee Brewers (1901) see Baltimore Orioles,Milwaukee Brewers (1901) see Baltimore Orioles,Milwaukee Brewers (1901) see Baltimore Orioles,Milwaukee Brewers (1901) see Baltimore Orioles,Milwaukee Brewers (1901) see Baltimore Orioles,Milwaukee Brewers (1901) see Baltimore Orioles,Milwaukee Brewers (1901) see Baltimore Orioles,Milwaukee Brewers (1901) see Baltimore Orioles,Milwaukee Brewers (1901) see Baltimore Orioles,Milwaukee Brewers (1901) see Baltimore Orioles,Milwaukee Brewers (1901) see Baltimore Orioles,Milwaukee Brewers (1901) see Baltimore Orioles,Milwaukee Brewers (1901) see Baltimore Orioles,Milwaukee Brewers (1901) see Baltimore Orioles,Milwaukee Brewers (1901) see Baltimore Orioles,Milwaukee Brewers (1901) see Baltimore Orioles,Milwaukee Brewers (1901) see Baltimore Orioles,Milwaukee Brewers (1901) see Baltimore Orioles,Milwaukee Brewers (1901) see Baltimore Orioles,Milwaukee Brewers (1901) see Baltimore Orioles,Milwaukee Brewers (1901) see Baltimore Orioles
18,Minnesota Twins,1901,2026,19563,9366,10088,.481,-722,13,6,3,18,1868,29,86043,667289,174848,12259,.262,89411,4.00
,Also played as Washington Senators and Washington Nationals,Also played as Washington Senators and Washington Nationals,Also played as Washington Senators and Washington Nationals,Also played as Washington Senators and Washington Nationals,Also played as Washington Senators and Washington Nationals,Also played as Washington Senators and Washington Nationals,Also played as Washington Senators and Washington Nationals,Also played as Washington Senators and Washington Nationals,Also played as Washington Senators and Washington Nationals,Also played as Washington Senators and Washington Nationals,Also played as Washington Senators and Washington Nationals,Also played as Washington Senators and Washington Nationals,Also played as Washington Senators and Washington Nationals,Also played as Washington Senators and Washington Nationals,Also played as Washington Senators and Washington Nationals,Also played as Washington Senators and Washington Nationals,Also played as Washington Senators and Washington Nationals,Also played as Washington Senators and Washington Nationals,Also played as Washington Senators and Washington Nationals,Also played as Washington Senators and Washington Nationals,Also played as Washington Senators and Washington Nationals
,Montreal Expos see Washington Nationals,Montreal Expos see Washington Nationals,Montreal Expos see Washington Nationals,Montreal Expos see Washington Nationals,Montreal Expos see Washington Nationals,Montreal Expos see Washington Nationals,Montreal Expos see Washington Nationals,Montreal Expos see Washington Nationals,Montreal Expos see Washington Nationals,Montreal Expos see Washington Nationals,Montreal Expos see Washington Nationals,Montreal Expos see Washington Nationals,Montreal Expos see Washington Nationals,Montreal Expos see Washington Nationals,Montreal Expos see Washington Nationals,Montreal Expos see Washington Nationals,Montreal Expos see Washington Nationals,Montreal Expos see Washington Nationals,Montreal Expos see Washington Nationals,Montreal Expos see Washington Nationals,Montreal Expos see Washington Nationals
,New York Giants see San Francisco Giants,New York Giants see San Francisco Giants,New York Giants see San Francisco Giants,New York Giants see San Francisco Giants,New York Giants see San Francisco Giants,New York Giants see San Francisco Giants,New York Giants see San Francisco Giants,New York Giants see San Francisco Giants,New York Giants see San Francisco Giants,New York Giants see San Francisco Giants,New York Giants see San Francisco Giants,New York Giants see San Francisco Giants,New York Giants see San Francisco Giants,New York Giants see San Francisco Giants,New York Giants see San Francisco Giants,New York Giants see San Francisco Giants,New York Giants see San Francisco Giants,New York Giants see San Francisco Giants,New York Giants see San Francisco Giants,New York Giants see San Francisco Giants,New York Giants see San Francisco Giants
19,New York Mets,1962,2026,10210,4933,5269,.484,-336,6,5,2,11,1310,19,42201,345412,86264,8831,.250,43006,3.81
20,New York Yankees,1903,2026,19251,10918,8245,.570,2673,21,41,27,60,1847,51,93598,656043,174042,17628,.265,80270,3.66
,Also played as New York Highlanders,Also played as New York Highlanders,Also played as New York Highlanders,Also played as New York Highlanders,Also played as New York Highlanders,Also played as New York Highlanders,Also played as New York Highlanders,Also played as New York Highlanders,Also played as New York Highlanders,Also played as New York Highlanders,Also played as New York Highlanders,Also played as New York Highlanders,Also played as New York Highlanders,Also played as New York Highlanders,Also played as New York Highlanders,Also played as New York Highlanders,Also played as New York Highlanders,Also played as New York Highlanders,Also played as New York Highlanders,Also played as New York Highlanders,Also played as New York Highlanders
,Oakland Athletics see Athletics,Oakland Athletics see Athletics,Oakland Athletics see Athletics,Oakland Athletics see Athletics,Oakland Athletics see Athletics,Oakland Athletics see Athletics,Oakland Athletics see Athletics,Oakland Athletics see Athletics,Oakland Athletics see Athletics,Oakland Athletics see Athletics,Oakland Athletics see Athletics,Oakland Athletics see Athletics,Oakland Athletics see Athletics,Oakland Athletics see Athletics,Oakland Athletics see Athletics,Oakland Athletics see Athletics,Oakland Athletics see Athletics,Oakland Athletics see Athletics,Oakland Athletics see Athletics,Oakland Athletics see Athletics,Oakland Athletics see Athletics
,Philadelphia Athletics see Oakland Athletics,Philadelphia Athletics see Oakland Athletics,Philadelphia Athletics see Oakland Athletics,Philadelphia Athletics see Oakland Athletics,Philadelphia Athletics see Oakland Athletics,Philadelphia Athletics see Oakland Athletics,Philadelphia Athletics see Oakland Athletics,Philadelphia Athletics see Oakland Athletics,Philadelphia Athletics see Oakland Athletics,Philadelphia Athletics see Oakland Athletics,Philadelphia Athletics see Oakland Athletics,Philadelphia Athletics see Oakland Athletics,Philadelphia Athletics see Oakland Athletics,Philadelphia Athletics see Oakland Athletics,Philadelphia Athletics see Oakland Athletics,Philadelphia Athletics see Oakland Athletics,Philadelphia Athletics see Oakland Athletics,Philadelphia Athletics see Oakland Athletics,Philadelphia Athletics see Oakland Athletics,Philadelphia Athletics see Oakland Athletics,Philadelphia Athletics see Oakland Athletics
21,Philadelphia Phillies,1883,2026,21886,10344,11427,.475,-1083,14,8,2,18,2226,39,97217,748795,194904,14451,.260,102840,3.98
,Also played as Philadelphia Phils and Philadelphia,Also played as Philadelphia Phils and Philadelphia,Also played as Philadelphia Phils and Philadelphia,Also played as Philadelphia Phils and Philadelphia,Also played as Philadelphia Phils and Philadelphia,Also played as Philadelphia Phils and Philadelphia,Also played as Philadelphia Phils and Philadelphia,Also played as Philadelphia Phils and Philadelphia,Also played as Philadelphia Phils and Philadelphia,Also played as Philadelphia Phils and Philadelphia,Also played as Philadelphia Phils and Philadelphia,Also played as Philadelphia Phils and Philadelphia,Also played as Philadelphia Phils and Philadelphia,Also played as Philadelphia Phils and Philadelphia,Also played as Philadelphia Phils and Philadelphia,Also played as Philadelphia Phils and Philadelphia,Also played as Philadelphia Phils and Philadelphia,Also played as Philadelphia Phils and Philadelphia,Also played as Philadelphia Phils and Philadelphia,Also played as Philadelphia Phils and Philadelphia,Also played as Philadelphia Phils and Philadelphia
22,Pittsburgh Pirates,1882,2026,22037,10948,10949,.500,-1,9,9,5,17,2192,41,97986,754749,198521,12428,.263,98236,3.76
,Also played as Pittsburgh and Allegheny City,Also played as Pittsburgh and Allegheny City,Also played as Pittsburgh and Allegheny City,Also played as Pittsburgh and Allegheny City,Also played as Pittsburgh and Allegheny City,Also played as Pittsburgh and Allegheny City,Also played as Pittsburgh and Allegheny City,Also played as Pittsburgh and Allegheny City,Also played as Pittsburgh and Allegheny City,Also played as Pittsburgh and Allegheny City,Also played as Pittsburgh and Allegheny City,Also played as Pittsburgh and Allegheny City,Also played as Pittsburgh and Allegheny City,Also played as Pittsburgh and Allegheny City,Also played as Pittsburgh and Allegheny City,Also played as Pittsburgh and Allegheny City,Also played as Pittsburgh and Allegheny City,Also played as Pittsburgh and Allegheny City,Also played as Pittsburgh and Allegheny City,Also played as Pittsburgh and Allegheny City,Also played as Pittsburgh and Allegheny City
23,San Diego Padres,1969,2026,9083,4256,4825,.469,-569,5,2,0,9,1198,13,36841,306949,76477,7448,.249,39640,3.96
24,San Francisco Giants,1883,2026,21961,11653,10145,.535,1508,9,23,8,27,1990,59,101475,749449,197007,15792,.263,94065,3.59
,Also played as New York Giants and New York,Also played as New York Giants and New York,Also played as New York Giants and New York,Also played as New York Giants and New York,Also played as New York Giants and New York,Also played as New York Giants and New York,Also played as New York Giants and New York,Also played as New York Giants and New York,Also played as New York Giants and New York,Also played as New York Giants and New York,Also played as New York Giants and New York,Also played as New York Giants and New York,Also played as New York Giants and New York,Also played as New York Giants and New York,Also played as New York Giants and New York,Also played as New York Giants and New York,Also played as New York Giants and New York,Also played as New York Giants and New York,Also played as New York Giants and New York,Also played as New York Giants and New York,Also played as New York Giants and New York
25,Seattle Mariners,1977,2026,7791,3728,4061,.479,-333,4,0,0,6,1053,8,34607,265676,68161,8000,.257,36179,4.28
,Seattle Pilots see Milwaukee Brewers,Seattle Pilots see Milwaukee Brewers,Seattle Pilots see Milwaukee Brewers,Seattle Pilots see Milwaukee Brewers,Seattle Pilots see Milwaukee Brewers,Seattle Pilots see Milwaukee Brewers,Seattle Pilots see Milwaukee Brewers,Seattle Pilots see Milwaukee Brewers,Seattle Pilots see Milwaukee Brewers,Seattle Pilots see Milwaukee Brewers,Seattle Pilots see Milwaukee Brewers,Seattle Pilots see Milwaukee Brewers,Seattle Pilots see Milwaukee Brewers,Seattle Pilots see Milwaukee Brewers,Seattle Pilots see Milwaukee Brewers,Seattle Pilots see Milwaukee Brewers,Seattle Pilots see Milwaukee Brewers,Seattle Pilots see Milwaukee Brewers,Seattle Pilots see Milwaukee Brewers,Seattle Pilots see Milwaukee Brewers,Seattle Pilots see Milwaukee Brewers
,St. Louis Browns see Baltimore Orioles,St. Louis Browns see Baltimore Orioles,St. Louis Browns see Baltimore Orioles,St. Louis Browns see Baltimore Orioles,St. Louis Browns see Baltimore Orioles,St. Louis Browns see Baltimore Orioles,St. Louis Browns see Baltimore Orioles,St. Louis Browns see Baltimore Orioles,St. Louis Browns see Baltimore Orioles,St. Louis Browns see Baltimore Orioles,St. Louis Browns see Baltimore Orioles,St. Louis Browns see Baltimore Orioles,St. Louis Browns see Baltimore Orioles,St. Louis Browns see Baltimore Orioles,St. Louis Browns see Baltimore Orioles,St. Louis Browns see Baltimore Orioles,St. Louis Browns see Baltimore Orioles,St. Louis Browns see Baltimore Orioles,St. Louis Browns see Baltimore Orioles,St. Louis Browns see Baltimore Orioles,St. Louis Browns see Baltimore Orioles
26,St. Louis Cardinals,1882,2026,22075,11403,10520,.520,883,15,23,11,32,2250,52,101141,756563,200822,13350,.265,97263,3.69
,Also played as St. Louis and St. Louis Browns,Also played as St. Louis and St. Louis Browns,Also played as St. Louis and St. Louis Browns,Also played as St. Louis and St. Louis Browns,Also played as St. Louis and St. Louis Browns,Also played as St. Louis and St. Louis Browns,Also played as St. Louis and St. Louis Browns,Also played as St. Louis and St. Louis Browns,Also played as St. Louis and St. Louis Browns,Also played as St. Louis and St. Louis Browns,Also played as St. Louis and St. Louis Browns,Also played as St. Louis and St. Louis Browns,Also played as St. Louis and St. Louis Browns,Also played as St. Louis and St. Louis Browns,Also played as St. Louis and St. Louis Browns,Also played as St. Louis and St. Louis Browns,Also played as St. Louis and St. Louis Browns,Also played as St. Louis and St. Louis Browns,Also played as St. Louis and St. Louis Browns,Also played as St. Louis and St. Louis Browns,Also played as St. Louis and St. Louis Browns
27,Tampa Bay Rays,1998,2026,4505,2210,2295,.491,-85,4,2,0,9,667,2,20023,153114,38860,4694,.254,20459,4.21
,Also played as Tampa Bay Devil Rays,Also played as Tampa Bay Devil Rays,Also played as Tampa Bay Devil Rays,Also played as Tampa Bay Devil Rays,Also played as Tampa Bay Devil Rays,Also played as Tampa Bay Devil Rays,Also played as Tampa Bay Devil Rays,Also played as Tampa Bay Devil Rays,Also played as Tampa Bay Devil Rays,Also played as Tampa Bay Devil Rays,Also played as Tampa Bay Devil Rays,Also played as Tampa Bay Devil Rays,Also played as Tampa Bay Devil Rays,Also played as Tampa Bay Devil Rays,Also played as Tampa Bay Devil Rays,Also played as Tampa Bay Devil Rays,Also played as Tampa Bay Devil Rays,Also played as Tampa Bay Devil Rays,Also played as Tampa Bay Devil Rays,Also played as Tampa Bay Devil Rays,Also played as Tampa Bay Devil Rays
28,Texas Rangers,1961,2026,10364,4935,5423,.476,-488,7,3,1,9,1308,12,46599,353732,91112,10399,.258,48614,4.27
,Also played as Washington Senators,Also played as Washington Senators,Also played as Washington Senators,Also played as Washington Senators,Also played as Washington Senators,Also played as Washington Senators,Also played as Washington Senators,Also played as Washington Senators,Also played as Washington Senators,Also played as Washington Senators,Also played as Washington Senators,Also played as Washington Senators,Also played as Washington Senators,Also played as Washington Senators,Also played as Washington Senators,Also played as Washington Senators,Also played as Washington Senators,Also played as Washington Senators,Also played as Washington Senators,Also played as Washington Senators,Also played as Washington Senators
29,Toronto Blue Jays,1977,2026,7791,3893,3895,.500,-2,7,3,2,11,988,12,36053,266868,69418,8484,.260,35615,4.22
30,Washington Nationals,1969,2026,9077,4371,4702,.482,-331,5,1,1,6,1102,10,38120,307001,77836,7816,.254,39748,3.98
,Also played as Montreal Expos,Also played as Montreal Expos,Also played as Montreal Expos,Also played as Montreal Expos,Also played as Montreal Expos,Also played as Montreal Expos,Also played as Montreal Expos,Also played as Montreal Expos,Also played as Montreal Expos,Also played as Montreal Expos,Also played as Montreal Expos,Also played as Montreal Expos,Also played as Montreal Expos,Also played as Montreal Expos,Also played as Montreal Expos,Also played as Montreal Expos,Also played as Montreal Expos,Also played as Montreal Expos,Also played as Montreal Expos,Also played as Montreal Expos,Also played as Montreal Expos
,Washington Senators/Nationals (1901-1960) see Minnesota Twins,Washington Senators/Nationals (1901-1960) see Minnesota Twins,Washington Senators/Nationals (1901-1960) see Minnesota Twins,Washington Senators/Nationals (1901-1960) see Minnesota Twins,Washington Senators/Nationals (1901-1960) see Minnesota Twins,Washington Senators/Nationals (1901-1960) see Minnesota Twins,Washington Senators/Nationals (1901-1960) see Minnesota Twins,Washington Senators/Nationals (1901-1960) see Minnesota Twins,Washington Senators/Nationals (1901-1960) see Minnesota Twins,Washington Senators/Nationals (1901-1960) see Minnesota Twins,Washington Senators/Nationals (1901-1960) see Minnesota Twins,Washington Senators/Nationals (1901-1960) see Minnesota Twins,Washington Senators/Nationals (1901-1960) see Minnesota Twins,Washington Senators/Nationals (1901-1960) see Minnesota Twins,Washington Senators/Nationals (1901-1960) see Minnesota Twins,Washington Senators/Nationals (1901-1960) see Minnesota Twins,Washington Senators/Nationals (1901-1960) see Minnesota Twins,Washington Senators/Nationals (1901-1960) see Minnesota Twins,Washington Senators/Nationals (1901-1960) see Minnesota Twins,Washington Senators/Nationals (1901-1960) see Minnesota Twins,Washington Senators/Nationals (1901-1960) see Minnesota Twins
,Washington Senators (1961-1971) see Texas Rangers,Washington Senators (1961-1971) see Texas Rangers,Washington Senators (1961-1971) see Texas Rangers,Washington Senators (1961-1971) see Texas Rangers,Washington Senators (1961-1971) see Texas Rangers,Washington Senators (1961-1971) see Texas Rangers,Washington Senators (1961-1971) see Texas Rangers,Washington Senators (1961-1971) see Texas Rangers,Washington Senators (1961-1971) see Texas Rangers,Washington Senators (1961-1971) see Texas Rangers,Washington Senators (1961-1971) see Texas Rangers,Washington Senators (1961-1971) see Texas Rangers,Washington Senators (1961-1971) see Texas Rangers,Washington Senators (1961-1971) see Texas Rangers,Washington Senators (1961-1971) see Texas Rangers,Washington Senators (1961-1971) see Texas Rangers,Washington Senators (1961-1971) see Texas Rangers,Washington Senators (1961-1971) see Texas Rangers,Washington Senators (1961-1971) see Texas Rangers,Washington Senators (1961-1971) see Texas Rangers,Washington Senators (1961-1971) see Texas Rangers
1,Akron Grays,1933,1933,11,3,8,.273,-5,0,0,0,0,24,0,33,336,86,2,.256,63,5.23
,Also played as Akron Grays/Cleveland Giants,Also played as Akron Grays/Cleveland Giants,Also played as Akron Grays/Cleveland Giants,Also played as Akron Grays/Cleveland Giants,Also played as Akron Grays/Cleveland Giants,Also played as Akron Grays/Cleveland Giants,Also played as Akron Grays/Cleveland Giants,Also played as Akron Grays/Cleveland Giants,Also played as Akron Grays/Cleveland Giants,Also played as Akron Grays/Cleveland Giants,Also played as Akron Grays/Cleveland Giants,Also played as Akron Grays/Cleveland Giants,Also played as Akron Grays/Cleveland Giants,Also played as Akron Grays/Cleveland Giants,Also played as Akron Grays/Cleveland Giants,Also played as Akron Grays/Cleveland Giants,Also played as Akron Grays/Cleveland Giants,Also played as Akron Grays/Cleveland Giants,Also played as Akron Grays/Cleveland Giants,Also played as Akron Grays/Cleveland Giants,Also played as Akron Grays/Cleveland Giants
2,Altoona Mountain Citys,1884,1884,25,6,19,.240,-13,0,0,0,0,18,0,90,899,223,2,.248,216,4.67
,Also played as Altoona Mountain City,Also played as Altoona Mountain City,Also played as Altoona Mountain City,Also played as Altoona Mountain City,Also played as Altoona Mountain City,Also played as Altoona Mountain City,Also played as Altoona Mountain City,Also played as Altoona Mountain City,Also played as Altoona Mountain City,Also played as Altoona Mountain City,Also played as Altoona Mountain City,Also played as Altoona Mountain City,Also played as Altoona Mountain City,Also played as Altoona Mountain City,Also played as Altoona Mountain City,Also played as Altoona Mountain City,Also played as Altoona Mountain City,Also played as Altoona Mountain City,Also played as Altoona Mountain City,Also played as Altoona Mountain City,Also played as Altoona Mountain City
3,Atlanta Black Crackers,1932,1939,89,36,53,.404,-17,0,0,0,0,67,0,376,2612,682,17,.261,514,5.23
,Also played as Indianapolis ABCs/Atlanta Black Crackers,Also played as Indianapolis ABCs/Atlanta Black Crackers,Also played as Indianapolis ABCs/Atlanta Black Crackers,Also played as Indianapolis ABCs/Atlanta Black Crackers,Also played as Indianapolis ABCs/Atlanta Black Crackers,Also played as Indianapolis ABCs/Atlanta Black Crackers,Also played as Indianapolis ABCs/Atlanta Black Crackers,Also played as Indianapolis ABCs/Atlanta Black Crackers,Also played as Indianapolis ABCs/Atlanta Black Crackers,Also played as Indianapolis ABCs/Atlanta Black Crackers,Also played as Indianapolis ABCs/Atlanta Black Crackers,Also played as Indianapolis ABCs/Atlanta Black Crackers,Also played as Indianapolis ABCs/Atlanta Black Crackers,Also played as Indianapolis ABCs/Atlanta Black Crackers,Also played as Indianapolis ABCs/Atlanta Black Crackers,Also played as Indianapolis ABCs/Atlanta Black Crackers,Also played as Indianapolis ABCs/Atlanta Black Crackers,Also played as Indianapolis ABCs/Atlanta Black Crackers,Also played as Indianapolis ABCs/Atlanta Black Crackers,Also played as Indianapolis ABCs/Atlanta Black Crackers,Also played as Indianapolis ABCs/Atlanta Black Crackers
4,Bacharach Giants,1923,1929,404,199,197,.503,2,3,2,0,3,96,2,2568,15677,4364,178,.278,2521,4.63
,Also played as Atlantic City Bacharach Giants,Also played as Atlantic City Bacharach Giants,Also played as Atlantic City Bacharach Giants,Also played as Atlantic City Bacharach Giants,Also played as Atlantic City Bacharach Giants,Also played as Atlantic City Bacharach Giants,Also played as Atlantic City Bacharach Giants,Also played as Atlantic City Bacharach Giants,Also played as Atlantic City Bacharach Giants,Also played as Atlantic City Bacharach Giants,Also played as Atlantic City Bacharach Giants,Also played as Atlantic City Bacharach Giants,Also played as Atlantic City Bacharach Giants,Also played as Atlantic City Bacharach Giants,Also played as Atlantic City Bacharach Giants,Also played as Atlantic City Bacharach Giants,Also played as Atlantic City Bacharach Giants,Also played as Atlantic City Bacharach Giants,Also played as Atlantic City Bacharach Giants,Also played as Atlantic City Bacharach Giants,Also played as Atlantic City Bacharach Giants
5,Baltimore Black Sox,1923,1934,449,235,207,.532,28,1,1,0,1,136,5,3042,18447,5194,256,.282,3058,4.53
,Also played as Baltimore Sox,Also played as Baltimore Sox,Also played as Baltimore Sox,Also played as Baltimore Sox,Also played as Baltimore Sox,Also played as Baltimore Sox,Also played as Baltimore Sox,Also played as Baltimore Sox,Also played as Baltimore Sox,Also played as Baltimore Sox,Also played as Baltimore Sox,Also played as Baltimore Sox,Also played as Baltimore Sox,Also played as Baltimore Sox,Also played as Baltimore Sox,Also played as Baltimore Sox,Also played as Baltimore Sox,Also played as Baltimore Sox,Also played as Baltimore Sox,Also played as Baltimore Sox,Also played as Baltimore Sox
6,Baltimore Elite Giants,1930,1948,956,464,452,.507,12,1,1,0,4,191,4,4641,29413,8084,305,.275,4301,4.26
,Also played as Washington Elite Giants Columbus Elite Giants and Nashville Elite Giants,Also played as Washington Elite Giants Columbus Elite Giants and Nashville Elite Giants,Also played as Washington Elite Giants Columbus Elite Giants and Nashville Elite Giants,Also played as Washington Elite Giants Columbus Elite Giants and Nashville Elite Giants,Also played as Washington Elite Giants Columbus Elite Giants and Nashville Elite Giants,Also played as Washington Elite Giants Columbus Elite Giants and Nashville Elite Giants,Also played as Washington Elite Giants Columbus Elite Giants and Nashville Elite Giants,Also played as Washington Elite Giants Columbus Elite Giants and Nashville Elite Giants,Also played as Washington Elite Giants Columbus Elite Giants and Nashville Elite Giants,Also played as Washington Elite Giants Columbus Elite Giants and Nashville Elite Giants,Also played as Washington Elite Giants Columbus Elite Giants and Nashville Elite Giants,Also played as Washington Elite Giants Columbus Elite Giants and Nashville Elite Giants,Also played as Washington Elite Giants Columbus Elite Giants and Nashville Elite Giants,Also played as Washington Elite Giants Columbus Elite Giants and Nashville Elite Giants,Also played as Washington Elite Giants Columbus Elite Giants and Nashville Elite Giants,Also played as Washington Elite Giants Columbus Elite Giants and Nashville Elite Giants,Also played as Washington Elite Giants Columbus Elite Giants and Nashville Elite Giants,Also played as Washington Elite Giants Columbus Elite Giants and Nashville Elite Giants,Also played as Washington Elite Giants Columbus Elite Giants and Nashville Elite Giants,Also played as Washington Elite Giants Columbus Elite Giants and Nashville Elite Giants,Also played as Washington Elite Giants Columbus Elite Giants and Nashville Elite Giants
7,Baltimore Monumentals,1884,1884,106,58,47,.552,11,0,0,0,0,36,0,662,3883,952,17,.245,627,3.01
8,Baltimore Orioles,1901,1902,276,118,153,.435,-35,0,0,0,0,53,5,1475,9349,2666,57,.285,1598,4.04
9,Baltimore Orioles,1882,1899,2238,1133,1049,.519,84,0,3,0,0,254,8,13494,78013,21220,354,.272,12784,3.80
10,Baltimore Terrapins,1914,1915,314,131,177,.425,-46,0,0,0,0,48,1,1195,10180,2609,68,.256,1388,3.54
11,Birmingham Black Barons,1924,1948,1218,592,610,.493,-18,3,3,0,4,279,4,3851,27710,7509,247,.271,4249,4.36
12,Boston Reds,1890,1891,272,174,90,.659,84,0,2,0,0,35,5,2059,9643,2693,110,.279,1456,3.37
13,Boston Reds,1884,1884,111,58,51,.532,7,0,0,0,0,25,1,636,3940,928,19,.236,558,2.70
14,Brooklyn Gladiators,1890,1890,100,26,73,.263,-47,0,0,0,0,22,0,492,3475,769,13,.221,733,4.71
15,Brooklyn Royal Giants,1923,1927,188,69,116,.373,-47,0,0,0,0,35,1,854,6032,1637,94,.271,959,4.59
16,Brooklyn Tip-Tops,1914,1915,310,147,159,.480,-12,0,0,0,0,53,1,1309,10256,2750,78,.268,1350,3.35
17,Brooklyn Ward's Wonders,1890,1890,133,76,56,.576,20,0,0,0,0,17,1,964,4887,1352,34,.277,893,3.95
18,Buffalo Bisons,1914,1915,308,154,149,.508,5,0,0,0,0,43,0,1194,10129,2525,77,.249,1236,3.27
,Also played as Buffalo Blues and Buffalo Buffeds,Also played as Buffalo Blues and Buffalo Buffeds,Also played as Buffalo Blues and Buffalo Buffeds,Also played as Buffalo Blues and Buffalo Buffeds,Also played as Buffalo Blues and Buffalo Buffeds,Also played as Buffalo Blues and Buffalo Buffeds,Also played as Buffalo Blues and Buffalo Buffeds,Also played as Buffalo Blues and Buffalo Buffeds,Also played as Buffalo Blues and Buffalo Buffeds,Also played as Buffalo Blues and Buffalo Buffeds,Also played as Buffalo Blues and Buffalo Buffeds,Also played as Buffalo Blues and Buffalo Buffeds,Also played as Buffalo Blues and Buffalo Buffeds,Also played as Buffalo Blues and Buffalo Buffeds,Also played as Buffalo Blues and Buffalo Buffeds,Also played as Buffalo Blues and Buffalo Buffeds,Also played as Buffalo Blues and Buffalo Buffeds,Also played as Buffalo Blues and Buffalo Buffeds,Also played as Buffalo Blues and Buffalo Buffeds,Also played as Buffalo Blues and Buffalo Buffeds,Also played as Buffalo Blues and Buffalo Buffeds
19,Buffalo Bisons,1890,1890,134,36,96,.273,-60,0,0,0,0,26,2,793,4795,1249,20,.260,1199,6.11
20,Buffalo Bisons,1879,1885,656,314,333,.485,-19,0,0,0,0,68,5,3474,23841,6194,105,.260,3738,3.19
21,Chicago American Giants,1920,1948,1861,982,857,.534,125,6,6,2,10,347,8,6908,47095,12336,352,.262,6621,3.77
,Also played as Chicago Columbia Giants,Also played as Chicago Columbia Giants,Also played as Chicago Columbia Giants,Also played as Chicago Columbia Giants,Also played as Chicago Columbia Giants,Also played as Chicago Columbia Giants,Also played as Chicago Columbia Giants,Also played as Chicago Columbia Giants,Also played as Chicago Columbia Giants,Also played as Chicago Columbia Giants,Also played as Chicago Columbia Giants,Also played as Chicago Columbia Giants,Also played as Chicago Columbia Giants,Also played as Chicago Columbia Giants,Also played as Chicago Columbia Giants,Also played as Chicago Columbia Giants,Also played as Chicago Columbia Giants,Also played as Chicago Columbia Giants,Also played as Chicago Columbia Giants,Also played as Chicago Columbia Giants,Also played as Chicago Columbia Giants
22,Chicago Giants,1920,1921,83,15,66,.185,-51,0,0,0,0,35,0,351,2909,730,11,.251,514,5.02
23,Chicago Pirates,1890,1890,138,75,62,.547,13,0,0,0,0,16,2,886,4968,1311,31,.264,770,3.39
,Also played as Chicago White Stockings,Also played as Chicago White Stockings,Also played as Chicago White Stockings,Also played as Chicago White Stockings,Also played as Chicago White Stockings,Also played as Chicago White Stockings,Also played as Chicago White Stockings,Also played as Chicago White Stockings,Also played as Chicago White Stockings,Also played as Chicago White Stockings,Also played as Chicago White Stockings,Also played as Chicago White Stockings,Also played as Chicago White Stockings,Also played as Chicago White Stockings,Also played as Chicago White Stockings,Also played as Chicago White Stockings,Also played as Chicago White Stockings,Also played as Chicago White Stockings,Also played as Chicago White Stockings,Also played as Chicago White Stockings,Also played as Chicago White Stockings
24,Chicago Whales,1914,1915,312,173,133,.565,40,0,1,0,0,40,2,1261,10231,2634,102,.257,1055,2.54
,Also played as Chicago Chi-Feds,Also played as Chicago Chi-Feds,Also played as Chicago Chi-Feds,Also played as Chicago Chi-Feds,Also played as Chicago Chi-Feds,Also played as Chicago Chi-Feds,Also played as Chicago Chi-Feds,Also played as Chicago Chi-Feds,Also played as Chicago Chi-Feds,Also played as Chicago Chi-Feds,Also played as Chicago Chi-Feds,Also played as Chicago Chi-Feds,Also played as Chicago Chi-Feds,Also played as Chicago Chi-Feds,Also played as Chicago Chi-Feds,Also played as Chicago Chi-Feds,Also played as Chicago Chi-Feds,Also played as Chicago Chi-Feds,Also played as Chicago Chi-Feds,Also played as Chicago Chi-Feds,Also played as Chicago Chi-Feds
25,Chicago/Pittsburgh (Union League),1884,1884,93,41,50,.451,-9,0,0,0,0,35,0,438,3212,742,10,.231,482,2.72
,Also played as Chicago/Pittsburgh,Also played as Chicago/Pittsburgh,Also played as Chicago/Pittsburgh,Also played as Chicago/Pittsburgh,Also played as Chicago/Pittsburgh,Also played as Chicago/Pittsburgh,Also played as Chicago/Pittsburgh,Also played as Chicago/Pittsburgh,Also played as Chicago/Pittsburgh,Also played as Chicago/Pittsburgh,Also played as Chicago/Pittsburgh,Also played as Chicago/Pittsburgh,Also played as Chicago/Pittsburgh,Also played as Chicago/Pittsburgh,Also played as Chicago/Pittsburgh,Also played as Chicago/Pittsburgh,Also played as Chicago/Pittsburgh,Also played as Chicago/Pittsburgh,Also played as Chicago/Pittsburgh,Also played as Chicago/Pittsburgh,Also played as Chicago/Pittsburgh
26,Cincinnati Kelly's Killers,1891,1891,102,43,57,.430,-14,0,0,0,0,23,1,549,3574,838,28,.234,643,3.43
27,Cincinnati Outlaw Reds,1884,1884,105,69,36,.657,33,0,0,0,0,23,0,703,3786,1027,26,.271,466,2.38
28,Cincinnati Reds,1876,1879,265,104,158,.397,-54,0,0,0,0,43,3,1347,9873,2542,23,.257,1809,2.93
29,Cincinnati Stars,1880,1880,83,21,59,.263,-38,0,0,0,0,16,1,296,2895,649,7,.224,472,2.44
30,Cincinnati Tigers,1937,1937,55,34,20,.630,14,0,0,0,0,25,0,237,1487,415,10,.279,186,3.05
31,Cleveland Blues,1879,1884,549,242,299,.447,-57,0,0,0,0,67,1,2437,19506,4690,62,.240,2782,2.63
32,Cleveland Browns,1924,1924,47,15,32,.319,-17,0,0,0,0,32,0,153,1078,283,14,.263,242,6.11
33,Cleveland Buckeyes,1942,1948,504,298,197,.602,101,2,2,1,2,102,0,944,6489,1706,39,.263,1022,4.35
,Also played as Cincinnati-Cleveland Buckeyes,Also played as Cincinnati-Cleveland Buckeyes,Also played as Cincinnati-Cleveland Buckeyes,Also played as Cincinnati-Cleveland Buckeyes,Also played as Cincinnati-Cleveland Buckeyes,Also played as Cincinnati-Cleveland Buckeyes,Also played as Cincinnati-Cleveland Buckeyes,Also played as Cincinnati-Cleveland Buckeyes,Also played as Cincinnati-Cleveland Buckeyes,Also played as Cincinnati-Cleveland Buckeyes,Also played as Cincinnati-Cleveland Buckeyes,Also played as Cincinnati-Cleveland Buckeyes,Also played as Cincinnati-Cleveland Buckeyes,Also played as Cincinnati-Cleveland Buckeyes,Also played as Cincinnati-Cleveland Buckeyes,Also played as Cincinnati-Cleveland Buckeyes,Also played as Cincinnati-Cleveland Buckeyes,Also played as Cincinnati-Cleveland Buckeyes,Also played as Cincinnati-Cleveland Buckeyes,Also played as Cincinnati-Cleveland Buckeyes,Also played as Cincinnati-Cleveland Buckeyes
34,Cleveland Cubs,1931,1931,44,23,21,.523,2,0,0,0,0,29,1,160,1153,286,11,.248,197,4.57
35,Cleveland Elites,1926,1926,49,8,40,.167,-32,0,0,0,0,39,0,182,1499,398,15,.266,381,7.35
36,Cleveland Hornets,1927,1927,49,12,37,.245,-25,0,0,0,0,25,0,170,1289,355,9,.275,304,6.23
37,Cleveland Infants,1890,1890,131,55,75,.423,-20,0,0,0,0,21,1,849,4804,1370,27,.285,1027,4.23
38,Cleveland Red Sox,1934,1934,28,3,25,.107,-22,0,0,0,0,24,0,71,706,166,2,.235,169,7.59
39,Cleveland Spiders,1887,1899,1802,827,938,.469,-111,0,0,0,0,164,6,10057,63232,17006,292,.269,10729,4.02
,Also played as Cleveland Blues,Also played as Cleveland Blues,Also played as Cleveland Blues,Also played as Cleveland Blues,Also played as Cleveland Blues,Also played as Cleveland Blues,Also played as Cleveland Blues,Also played as Cleveland Blues,Also played as Cleveland Blues,Also played as Cleveland Blues,Also played as Cleveland Blues,Also played as Cleveland Blues,Also played as Cleveland Blues,Also played as Cleveland Blues,Also played as Cleveland Blues,Also played as Cleveland Blues,Also played as Cleveland Blues,Also played as Cleveland Blues,Also played as Cleveland Blues,Also played as Cleveland Blues,Also played as Cleveland Blues
40,Cleveland Stars,1932,1932,19,5,13,.278,-8,0,0,0,0,19,0,87,682,190,1,.279,128,5.15
41,Cleveland Tate Stars,1922,1922,40,15,24,.385,-9,0,0,0,0,27,0,238,1683,440,12,.261,316,5.58
42,Cleveland Tigers,1928,1928,79,20,59,.253,-39,0,0,0,0,41,0,278,2096,606,17,.289,418,5.96
43,Columbus Blue Birds,1933,1933,42,14,28,.333,-14,0,0,0,0,20,0,129,930,254,16,.273,169,5.11
44,Columbus Buckeyes,1921,1921,71,31,39,.443,-8,0,0,0,0,28,1,408,2955,777,17,.263,444,4.26
45,Columbus Buckeyes,1883,1884,207,101,104,.493,-3,0,0,0,0,23,0,1061,7312,1755,55,.240,1118,3.28
46,Columbus Solons,1889,1891,418,200,209,.489,-9,0,0,0,0,45,0,2312,14254,3585,72,.252,2318,3.70
47,Columbus Turfs,1932,1932,10,3,5,.375,-2,0,0,0,0,0,0,,,,,,,
,Also played as Columbus Turf Club,Also played as Columbus Turf Club,Also played as Columbus Turf Club,Also played as Columbus Turf Club,Also played as Columbus Turf Club,Also played as Columbus Turf Club,Also played as Columbus Turf Club,Also played as Columbus Turf Club,Also played as Columbus Turf Club,Also played as Columbus Turf Club,Also played as Columbus Turf Club,Also played as Columbus Turf Club,Also played as Columbus Turf Club,Also played as Columbus Turf Club,Also played as Columbus Turf Club,Also played as Columbus Turf Club,Also played as Columbus Turf Club,Also played as Columbus Turf Club,Also played as Columbus Turf Club,Also played as Columbus Turf Club,Also played as Columbus Turf Club
48,Cuban Stars East I,1923,1929,309,132,171,.436,-39,0,0,0,0,48,1,1646,10921,2933,113,.269,1836,5.09
,Also played as Cuban Stars East,Also played as Cuban Stars East,Also played as Cuban Stars East,Also played as Cuban Stars East,Also played as Cuban Stars East,Also played as Cuban Stars East,Also played as Cuban Stars East,Also played as Cuban Stars East,Also played as Cuban Stars East,Also played as Cuban Stars East,Also played as Cuban Stars East,Also played as Cuban Stars East,Also played as Cuban Stars East,Also played as Cuban Stars East,Also played as Cuban Stars East,Also played as Cuban Stars East,Also played as Cuban Stars East,Also played as Cuban Stars East,Also played as Cuban Stars East,Also played as Cuban Stars East,Also played as Cuban Stars East
49,Cuban Stars West,1920,1930,650,229,419,.353,-190,0,0,0,0,78,0,2713,20098,5153,177,.256,3337,4.85
,Also played as Cincinnati Cuban Stars,Also played as Cincinnati Cuban Stars,Also played as Cincinnati Cuban Stars,Also played as Cincinnati Cuban Stars,Also played as Cincinnati Cuban Stars,Also played as Cincinnati Cuban Stars,Also played as Cincinnati Cuban Stars,Also played as Cincinnati Cuban Stars,Also played as Cincinnati Cuban Stars,Also played as Cincinnati Cuban Stars,Also played as Cincinnati Cuban Stars,Also played as Cincinnati Cuban Stars,Also played as Cincinnati Cuban Stars,Also played as Cincinnati Cuban Stars,Also played as Cincinnati Cuban Stars,Also played as Cincinnati Cuban Stars,Also played as Cincinnati Cuban Stars,Also played as Cincinnati Cuban Stars,Also played as Cincinnati Cuban Stars,Also played as Cincinnati Cuban Stars,Also played as Cincinnati Cuban Stars
50,Dayton Marcos,1920,1926,96,23,73,.240,-50,0,0,0,0,64,0,234,2325,507,10,.218,437,5.18
51,Detroit Stars I,1920,1931,915,498,413,.547,85,0,0,0,1,137,4,4886,29126,8190,586,.281,4705,4.49
,Also played as Detroit Stars,Also played as Detroit Stars,Also played as Detroit Stars,Also played as Detroit Stars,Also played as Detroit Stars,Also played as Detroit Stars,Also played as Detroit Stars,Also played as Detroit Stars,Also played as Detroit Stars,Also played as Detroit Stars,Also played as Detroit Stars,Also played as Detroit Stars,Also played as Detroit Stars,Also played as Detroit Stars,Also played as Detroit Stars,Also played as Detroit Stars,Also played as Detroit Stars,Also played as Detroit Stars,Also played as Detroit Stars,Also played as Detroit Stars,Also played as Detroit Stars
52,Detroit Stars II,1937,1937,39,15,24,.385,-9,0,0,0,0,27,1,114,700,187,14,.267,169,6.91
,Also played as Detroit Stars,Also played as Detroit Stars,Also played as Detroit Stars,Also played as Detroit Stars,Also played as Detroit Stars,Also played as Detroit Stars,Also played as Detroit Stars,Also played as Detroit Stars,Also played as Detroit Stars,Also played as Detroit Stars,Also played as Detroit Stars,Also played as Detroit Stars,Also played as Detroit Stars,Also played as Detroit Stars,Also played as Detroit Stars,Also played as Detroit Stars,Also played as Detroit Stars,Also played as Detroit Stars,Also played as Detroit Stars,Also played as Detroit Stars,Also played as Detroit Stars
53,Detroit Wolverines,1881,1888,880,426,437,.494,-11,0,1,0,0,108,4,4849,31647,8116,264,.256,4762,3.14
54,Detroit Wolves,1932,1932,25,20,5,.800,15,0,0,0,0,16,5,168,1003,276,4,.275,102,2.71
55,Harrisburg Giants,1924,1927,236,134,101,.570,33,0,0,0,0,60,2,1504,8571,2539,169,.296,1331,4.43
56,Hartford Dark Blues,1876,1877,129,78,48,.619,30,0,0,0,0,20,1,770,5022,1348,6,.268,572,1.97
,Also played as Hartfords of Brooklyn,Also played as Hartfords of Brooklyn,Also played as Hartfords of Brooklyn,Also played as Hartfords of Brooklyn,Also played as Hartfords of Brooklyn,Also played as Hartfords of Brooklyn,Also played as Hartfords of Brooklyn,Also played as Hartfords of Brooklyn,Also played as Hartfords of Brooklyn,Also played as Hartfords of Brooklyn,Also played as Hartfords of Brooklyn,Also played as Hartfords of Brooklyn,Also played as Hartfords of Brooklyn,Also played as Hartfords of Brooklyn,Also played as Hartfords of Brooklyn,Also played as Hartfords of Brooklyn,Also played as Hartfords of Brooklyn,Also played as Hartfords of Brooklyn,Also played as Hartfords of Brooklyn,Also played as Hartfords of Brooklyn,Also played as Hartfords of Brooklyn
57,Hilldale Club,1923,1932,457,265,185,.589,80,2,2,1,2,65,6,2742,16239,4656,205,.287,2326,4.01
58,Homestead Grays,1929,1948,843,494,329,.600,165,9,9,3,10,211,11,5675,31143,9006,513,.289,4274,4.03
59,Indianapolis ABCs I,1920,1926,503,231,262,.469,-31,0,0,0,0,123,3,2552,16825,4628,152,.275,2656,4.50
,Also played as Indianapolis ABCs,Also played as Indianapolis ABCs,Also played as Indianapolis ABCs,Also played as Indianapolis ABCs,Also played as Indianapolis ABCs,Also played as Indianapolis ABCs,Also played as Indianapolis ABCs,Also played as Indianapolis ABCs,Also played as Indianapolis ABCs,Also played as Indianapolis ABCs,Also played as Indianapolis ABCs,Also played as Indianapolis ABCs,Also played as Indianapolis ABCs,Also played as Indianapolis ABCs,Also played as Indianapolis ABCs,Also played as Indianapolis ABCs,Also played as Indianapolis ABCs,Also played as Indianapolis ABCs,Also played as Indianapolis ABCs,Also played as Indianapolis ABCs,Also played as Indianapolis ABCs
60,Indianapolis ABCs II,1931,1933,151,67,79,.459,-12,0,0,0,0,77,2,525,4080,1094,11,.268,669,4.58
,Also played as Indianapolis ABCs/Detroit Stars and Indianapolis ABCs,Also played as Indianapolis ABCs/Detroit Stars and Indianapolis ABCs,Also played as Indianapolis ABCs/Detroit Stars and Indianapolis ABCs,Also played as Indianapolis ABCs/Detroit Stars and Indianapolis ABCs,Also played as Indianapolis ABCs/Detroit Stars and Indianapolis ABCs,Also played as Indianapolis ABCs/Detroit Stars and Indianapolis ABCs,Also played as Indianapolis ABCs/Detroit Stars and Indianapolis ABCs,Also played as Indianapolis ABCs/Detroit Stars and Indianapolis ABCs,Also played as Indianapolis ABCs/Detroit Stars and Indianapolis ABCs,Also played as Indianapolis ABCs/Detroit Stars and Indianapolis ABCs,Also played as Indianapolis ABCs/Detroit Stars and Indianapolis ABCs,Also played as Indianapolis ABCs/Detroit Stars and Indianapolis ABCs,Also played as Indianapolis ABCs/Detroit Stars and Indianapolis ABCs,Also played as Indianapolis ABCs/Detroit Stars and Indianapolis ABCs,Also played as Indianapolis ABCs/Detroit Stars and Indianapolis ABCs,Also played as Indianapolis ABCs/Detroit Stars and Indianapolis ABCs,Also played as Indianapolis ABCs/Detroit Stars and Indianapolis ABCs,Also played as Indianapolis ABCs/Detroit Stars and Indianapolis ABCs,Also played as Indianapolis ABCs/Detroit Stars and Indianapolis ABCs,Also played as Indianapolis ABCs/Detroit Stars and Indianapolis ABCs,Also played as Indianapolis ABCs/Detroit Stars and Indianapolis ABCs
61,Indianapolis Athletics,1937,1937,39,17,21,.447,-4,0,0,0,0,29,0,148,817,226,7,.277,148,4.94
62,Indianapolis Blues,1878,1878,63,24,36,.400,-12,0,0,0,0,13,0,293,2300,542,3,.236,328,2.32
63,Indianapolis Clowns,1943,1948,448,186,249,.428,-63,0,0,0,0,121,1,745,5877,1445,20,.246,974,4.56
,Also played as Cincinnati-Indianapolis Clowns and Cincinnati Clowns,Also played as Cincinnati-Indianapolis Clowns and Cincinnati Clowns,Also played as Cincinnati-Indianapolis Clowns and Cincinnati Clowns,Also played as Cincinnati-Indianapolis Clowns and Cincinnati Clowns,Also played as Cincinnati-Indianapolis Clowns and Cincinnati Clowns,Also played as Cincinnati-Indianapolis Clowns and Cincinnati Clowns,Also played as Cincinnati-Indianapolis Clowns and Cincinnati Clowns,Also played as Cincinnati-Indianapolis Clowns and Cincinnati Clowns,Also played as Cincinnati-Indianapolis Clowns and Cincinnati Clowns,Also played as Cincinnati-Indianapolis Clowns and Cincinnati Clowns,Also played as Cincinnati-Indianapolis Clowns and Cincinnati Clowns,Also played as Cincinnati-Indianapolis Clowns and Cincinnati Clowns,Also played as Cincinnati-Indianapolis Clowns and Cincinnati Clowns,Also played as Cincinnati-Indianapolis Clowns and Cincinnati Clowns,Also played as Cincinnati-Indianapolis Clowns and Cincinnati Clowns,Also played as Cincinnati-Indianapolis Clowns and Cincinnati Clowns,Also played as Cincinnati-Indianapolis Clowns and Cincinnati Clowns,Also played as Cincinnati-Indianapolis Clowns and Cincinnati Clowns,Also played as Cincinnati-Indianapolis Clowns and Cincinnati Clowns,Also played as Cincinnati-Indianapolis Clowns and Cincinnati Clowns,Also played as Cincinnati-Indianapolis Clowns and Cincinnati Clowns
64,Indianapolis Hoosiers,1887,1889,398,146,249,.370,-103,0,0,0,0,42,1,2050,13870,3536,129,.255,2590,4.62
65,Indianapolis Hoosiers,1884,1884,110,29,78,.271,-49,0,0,0,0,35,0,462,3813,890,20,.233,755,4.20
66,Jacksonville Red Caps,1938,1942,182,70,110,.389,-40,0,0,0,0,78,0,458,3291,790,8,.240,506,4.28
,Also played as Cleveland Bears,Also played as Cleveland Bears,Also played as Cleveland Bears,Also played as Cleveland Bears,Also played as Cleveland Bears,Also played as Cleveland Bears,Also played as Cleveland Bears,Also played as Cleveland Bears,Also played as Cleveland Bears,Also played as Cleveland Bears,Also played as Cleveland Bears,Also played as Cleveland Bears,Also played as Cleveland Bears,Also played as Cleveland Bears,Also played as Cleveland Bears,Also played as Cleveland Bears,Also played as Cleveland Bears,Also played as Cleveland Bears,Also played as Cleveland Bears,Also played as Cleveland Bears,Also played as Cleveland Bears
67,Kansas City Cowboys,1888,1889,271,98,171,.364,-73,0,0,0,0,44,1,1431,9535,2256,37,.237,1927,4.32
68,Kansas City Cowboys,1886,1886,126,30,91,.248,-61,0,0,0,0,17,0,494,4236,967,19,.228,872,4.85
69,Kansas City Cowboys,1884,1884,82,16,63,.203,-47,0,0,0,0,51,0,311,2802,557,6,.199,618,4.05
70,Kansas City Monarchs,1920,1948,1652,1054,580,.645,474,10,10,2,12,228,10,8532,50286,14317,558,.285,6215,3.37
71,Kansas City Packers,1914,1915,307,148,156,.487,-8,0,0,0,0,29,0,1191,10064,2575,67,.256,1234,3.11
72,Little Rock Grays,1932,1932,15,4,11,.267,-7,0,0,0,0,19,0,32,331,84,1,.254,49,3.81
73,Louisville Black Caps,1931,1932,92,29,61,.322,-32,0,0,0,0,50,1,191,1512,394,10,.261,242,4.59
,Also played as Louisville White Sox,Also played as Louisville White Sox,Also played as Louisville White Sox,Also played as Louisville White Sox,Also played as Louisville White Sox,Also played as Louisville White Sox,Also played as Louisville White Sox,Also played as Louisville White Sox,Also played as Louisville White Sox,Also played as Louisville White Sox,Also played as Louisville White Sox,Also played as Louisville White Sox,Also played as Louisville White Sox,Also played as Louisville White Sox,Also played as Louisville White Sox,Also played as Louisville White Sox,Also played as Louisville White Sox,Also played as Louisville White Sox,Also played as Louisville White Sox,Also played as Louisville White Sox,Also played as Louisville White Sox
74,Louisville Colonels,1882,1899,2355,993,1320,.429,-327,0,1,0,0,284,6,12464,82256,21505,436,.261,14354,3.93
,Also played as Louisville Eclipse,Also played as Louisville Eclipse,Also played as Louisville Eclipse,Also played as Louisville Eclipse,Also played as Louisville Eclipse,Also played as Louisville Eclipse,Also played as Louisville Eclipse,Also played as Louisville Eclipse,Also played as Louisville Eclipse,Also played as Louisville Eclipse,Also played as Louisville Eclipse,Also played as Louisville Eclipse,Also played as Louisville Eclipse,Also played as Louisville Eclipse,Also played as Louisville Eclipse,Also played as Louisville Eclipse,Also played as Louisville Eclipse,Also played as Louisville Eclipse,Also played as Louisville Eclipse,Also played as Louisville Eclipse,Also played as Louisville Eclipse
75,Louisville Grays,1876,1877,130,65,61,.516,4,0,0,0,0,25,0,619,4925,1300,15,.264,632,1.95
76,Memphis Red Sox,1924,1948,1349,549,775,.415,-226,1,1,0,1,246,5,3384,26926,6715,141,.249,4400,4.43
77,Milwaukee Bears,1923,1923,53,11,42,.208,-31,0,0,0,0,28,1,254,2097,539,19,.257,418,5.17
78,Milwaukee Brewers,1891,1891,36,21,15,.583,6,0,0,0,0,16,0,227,1271,332,13,.261,156,2.50
79,Milwaukee Brewers,1884,1884,12,8,4,.667,4,0,0,0,0,12,0,53,395,88,,.223,34,2.25
80,Milwaukee Grays,1878,1878,61,15,45,.250,-30,0,0,0,0,15,0,256,2212,552,2,.250,386,2.60
81,Monroe Monarchs,1932,1932,48,34,14,.708,20,0,0,0,0,24,1,268,1730,472,14,.273,160,2.66
82,Montgomery Grey Sox,1932,1932,47,22,24,.478,-2,0,0,0,0,18,0,126,794,200,1,.252,99,3.51
83,New York Black Yankees,1936,1948,496,142,342,.293,-200,0,0,0,0,206,3,1853,14489,3612,122,.249,2812,5.72
84,New York Cubans,1935,1948,469,226,234,.491,-8,1,1,1,3,147,5,2298,15873,4181,155,.263,2270,4.27
85,New York Giants,1890,1890,132,74,57,.565,17,0,0,0,0,17,5,1018,4913,1393,66,.284,875,4.17
86,New York Lincoln Giants,1923,1929,302,134,162,.453,-28,0,0,0,0,115,3,1980,11243,3284,203,.292,2113,5.48
87,New York Metropolitans,1883,1887,592,270,309,.466,-39,0,1,0,0,58,1,3140,20781,5100,88,.245,3375,3.73
88,New York Mutuals,1876,1876,57,21,35,.375,-14,0,0,0,0,24,0,260,2180,494,2,.227,412,2.94
89,Newark Browns,1932,1932,6,,6,.000,-6,0,0,0,0,16,0,17,124,21,2,.169,44,10.36
90,Newark Dodgers,1934,1935,93,32,59,.352,-27,0,0,0,0,43,1,442,2713,811,25,.299,592,6.83
91,Newark Eagles,1935,1948,737,399,327,.550,72,1,1,1,2,190,7,3518,21225,5767,372,.272,3186,4.36
,Also played as Brooklyn Eagles,Also played as Brooklyn Eagles,Also played as Brooklyn Eagles,Also played as Brooklyn Eagles,Also played as Brooklyn Eagles,Also played as Brooklyn Eagles,Also played as Brooklyn Eagles,Also played as Brooklyn Eagles,Also played as Brooklyn Eagles,Also played as Brooklyn Eagles,Also played as Brooklyn Eagles,Also played as Brooklyn Eagles,Also played as Brooklyn Eagles,Also played as Brooklyn Eagles,Also played as Brooklyn Eagles,Also played as Brooklyn Eagles,Also played as Brooklyn Eagles,Also played as Brooklyn Eagles,Also played as Brooklyn Eagles,Also played as Brooklyn Eagles,Also played as Brooklyn Eagles
92,Newark Pepper,1914,1915,312,168,137,.551,31,0,1,0,0,41,2,1347,10273,2757,50,.268,1184,2.83
,Also played as Indianapolis Hoosiers,Also played as Indianapolis Hoosiers,Also played as Indianapolis Hoosiers,Also played as Indianapolis Hoosiers,Also played as Indianapolis Hoosiers,Also played as Indianapolis Hoosiers,Also played as Indianapolis Hoosiers,Also played as Indianapolis Hoosiers,Also played as Indianapolis Hoosiers,Also played as Indianapolis Hoosiers,Also played as Indianapolis Hoosiers,Also played as Indianapolis Hoosiers,Also played as Indianapolis Hoosiers,Also played as Indianapolis Hoosiers,Also played as Indianapolis Hoosiers,Also played as Indianapolis Hoosiers,Also played as Indianapolis Hoosiers,Also played as Indianapolis Hoosiers,Also played as Indianapolis Hoosiers,Also played as Indianapolis Hoosiers,Also played as Indianapolis Hoosiers
93,Newark Stars,1926,1926,11,1,10,.091,-9,0,0,0,0,20,0,38,282,64,1,.227,74,7.70
94,Philadelphia Athletic,1876,1876,60,14,45,.237,-31,0,0,0,0,21,0,378,2387,646,7,.271,534,3.22
,Also played as Philadelphia Athletics,Also played as Philadelphia Athletics,Also played as Philadelphia Athletics,Also played as Philadelphia Athletics,Also played as Philadelphia Athletics,Also played as Philadelphia Athletics,Also played as Philadelphia Athletics,Also played as Philadelphia Athletics,Also played as Philadelphia Athletics,Also played as Philadelphia Athletics,Also played as Philadelphia Athletics,Also played as Philadelphia Athletics,Also played as Philadelphia Athletics,Also played as Philadelphia Athletics,Also played as Philadelphia Athletics,Also played as Philadelphia Athletics,Also played as Philadelphia Athletics,Also played as Philadelphia Athletics,Also played as Philadelphia Athletics,Also played as Philadelphia Athletics,Also played as Philadelphia Athletics
95,Philadelphia Athletics,1890,1891,275,141,129,.522,12,0,0,0,0,32,0,1758,9894,2651,104,.268,1649,4.03
96,Philadelphia Athletics,1882,1890,1076,560,498,.529,62,0,1,0,0,141,1,6664,38516,9907,229,.257,6331,3.64
97,Philadelphia Bacharach Giants,1934,1934,15,3,12,.200,-9,0,0,0,0,23,0,72,587,142,3,.242,104,5.81
98,Philadelphia Keystones,1884,1884,67,21,46,.313,-25,0,0,0,0,29,0,414,2518,618,7,.245,545,4.63
99,Philadelphia Stars,1934,1948,817,388,414,.484,-26,1,1,0,2,198,6,4369,27971,7595,276,.272,4493,4.64
100,Philadelphia Tigers,1928,1928,5,2,3,.400,-1,0,0,0,0,17,0,34,274,80,2,.292,77,8.07
101,Pittsburgh Burghers,1890,1890,131,60,68,.469,-8,0,0,0,0,17,3,849,4677,1212,35,.259,931,4.27
102,Pittsburgh Crawfords,1933,1940,427,229,187,.550,42,3,3,0,3,106,8,2148,13080,3665,192,.280,2005,4.51
,Also played as Toledo-Indianapolis Crawfords and Toledo Crawfords,Also played as Toledo-Indianapolis Crawfords and Toledo Crawfords,Also played as Toledo-Indianapolis Crawfords and Toledo Crawfords,Also played as Toledo-Indianapolis Crawfords and Toledo Crawfords,Also played as Toledo-Indianapolis Crawfords and Toledo Crawfords,Also played as Toledo-Indianapolis Crawfords and Toledo Crawfords,Also played as Toledo-Indianapolis Crawfords and Toledo Crawfords,Also played as Toledo-Indianapolis Crawfords and Toledo Crawfords,Also played as Toledo-Indianapolis Crawfords and Toledo Crawfords,Also played as Toledo-Indianapolis Crawfords and Toledo Crawfords,Also played as Toledo-Indianapolis Crawfords and Toledo Crawfords,Also played as Toledo-Indianapolis Crawfords and Toledo Crawfords,Also played as Toledo-Indianapolis Crawfords and Toledo Crawfords,Also played as Toledo-Indianapolis Crawfords and Toledo Crawfords,Also played as Toledo-Indianapolis Crawfords and Toledo Crawfords,Also played as Toledo-Indianapolis Crawfords and Toledo Crawfords,Also played as Toledo-Indianapolis Crawfords and Toledo Crawfords,Also played as Toledo-Indianapolis Crawfords and Toledo Crawfords,Also played as Toledo-Indianapolis Crawfords and Toledo Crawfords,Also played as Toledo-Indianapolis Crawfords and Toledo Crawfords,Also played as Toledo-Indianapolis Crawfords and Toledo Crawfords
103,Pittsburgh Keystones II,1922,1922,38,12,24,.333,-12,0,0,0,0,21,0,190,1204,342,10,.284,259,6.40
,Also played as Pittsburgh Keystones,Also played as Pittsburgh Keystones,Also played as Pittsburgh Keystones,Also played as Pittsburgh Keystones,Also played as Pittsburgh Keystones,Also played as Pittsburgh Keystones,Also played as Pittsburgh Keystones,Also played as Pittsburgh Keystones,Also played as Pittsburgh Keystones,Also played as Pittsburgh Keystones,Also played as Pittsburgh Keystones,Also played as Pittsburgh Keystones,Also played as Pittsburgh Keystones,Also played as Pittsburgh Keystones,Also played as Pittsburgh Keystones,Also played as Pittsburgh Keystones,Also played as Pittsburgh Keystones,Also played as Pittsburgh Keystones,Also played as Pittsburgh Keystones,Also played as Pittsburgh Keystones,Also played as Pittsburgh Keystones
104,Pittsburgh Rebels,1914,1915,310,150,153,.495,-3,0,0,0,0,43,0,1197,10154,2657,54,.262,1222,3.18
105,Pollock's Cuban Stars,1932,1932,24,11,13,.458,-2,0,0,0,0,21,0,142,1086,285,7,.262,166,4.08
106,Providence Grays,1878,1885,725,438,278,.612,160,0,2,0,0,69,4,4037,26572,6764,98,.255,3128,2.18
107,Richmond Virginians,1884,1884,46,12,30,.286,-18,0,0,0,0,19,0,194,1469,326,7,.222,294,4.52
108,Rochester Broncos,1890,1890,133,63,63,.500,0,0,0,0,0,20,0,709,4553,1088,31,.239,711,3.56
109,St. Louis Brown Stockings,1876,1877,124,73,51,.589,22,0,0,0,0,21,0,670,4656,1173,3,.252,547,1.92
110,St. Louis Maroons,1884,1886,351,173,170,.504,3,0,1,0,0,52,0,1824,12293,3081,70,.251,1734,2.86
111,St. Louis Stars I,1920,1931,959,579,373,.608,206,3,3,0,4,124,4,6048,31432,9453,784,.301,4983,4.49
,Also played as St. Louis Stars and St. Louis Giants,Also played as St. Louis Stars and St. Louis Giants,Also played as St. Louis Stars and St. Louis Giants,Also played as St. Louis Stars and St. Louis Giants,Also played as St. Louis Stars and St. Louis Giants,Also played as St. Louis Stars and St. Louis Giants,Also played as St. Louis Stars and St. Louis Giants,Also played as St. Louis Stars and St. Louis Giants,Also played as St. Louis Stars and St. Louis Giants,Also played as St. Louis Stars and St. Louis Giants,Also played as St. Louis Stars and St. Louis Giants,Also played as St. Louis Stars and St. Louis Giants,Also played as St. Louis Stars and St. Louis Giants,Also played as St. Louis Stars and St. Louis Giants,Also played as St. Louis Stars and St. Louis Giants,Also played as St. Louis Stars and St. Louis Giants,Also played as St. Louis Stars and St. Louis Giants,Also played as St. Louis Stars and St. Louis Giants,Also played as St. Louis Stars and St. Louis Giants,Also played as St. Louis Stars and St. Louis Giants,Also played as St. Louis Stars and St. Louis Giants
112,St. Louis Stars II,1937,1937,36,5,31,.139,-26,0,0,0,0,39,0,157,929,266,8,.286,264,8.39
,Also played as St. Louis Stars,Also played as St. Louis Stars,Also played as St. Louis Stars,Also played as St. Louis Stars,Also played as St. Louis Stars,Also played as St. Louis Stars,Also played as St. Louis Stars,Also played as St. Louis Stars,Also played as St. Louis Stars,Also played as St. Louis Stars,Also played as St. Louis Stars,Also played as St. Louis Stars,Also played as St. Louis Stars,Also played as St. Louis Stars,Also played as St. Louis Stars,Also played as St. Louis Stars,Also played as St. Louis Stars,Also played as St. Louis Stars,Also played as St. Louis Stars,Also played as St. Louis Stars,Also played as St. Louis Stars
113,St. Louis Terriers,1914,1915,313,149,156,.489,-7,0,0,0,0,34,2,1199,10223,2598,49,.254,1224,3.15
114,St. Louis-New Orleans-Harrisburg Stars,1938,1943,190,87,97,.473,-10,0,0,0,1,67,0,533,3762,919,28,.244,629,4.49
,Also played as Harrisburg-St. Louis Stars St. Louis-New Orleans Stars St. Louis Stars and Indianapolis ABCs,Also played as Harrisburg-St. Louis Stars St. Louis-New Orleans Stars St. Louis Stars and Indianapolis ABCs,Also played as Harrisburg-St. Louis Stars St. Louis-New Orleans Stars St. Louis Stars and Indianapolis ABCs,Also played as Harrisburg-St. Louis Stars St. Louis-New Orleans Stars St. Louis Stars and Indianapolis ABCs,Also played as Harrisburg-St. Louis Stars St. Louis-New Orleans Stars St. Louis Stars and Indianapolis ABCs,Also played as Harrisburg-St. Louis Stars St. Louis-New Orleans Stars St. Louis Stars and Indianapolis ABCs,Also played as Harrisburg-St. Louis Stars St. Louis-New Orleans Stars St. Louis Stars and Indianapolis ABCs,Also played as Harrisburg-St. Louis Stars St. Louis-New Orleans Stars St. Louis Stars and Indianapolis ABCs,Also played as Harrisburg-St. Louis Stars St. Louis-New Orleans Stars St. Louis Stars and Indianapolis ABCs,Also played as Harrisburg-St. Louis Stars St. Louis-New Orleans Stars St. Louis Stars and Indianapolis ABCs,Also played as Harrisburg-St. Louis Stars St. Louis-New Orleans Stars St. Louis Stars and Indianapolis ABCs,Also played as Harrisburg-St. Louis Stars St. Louis-New Orleans Stars St. Louis Stars and Indianapolis ABCs,Also played as Harrisburg-St. Louis Stars St. Louis-New Orleans Stars St. Louis Stars and Indianapolis ABCs,Also played as Harrisburg-St. Louis Stars St. Louis-New Orleans Stars St. Louis Stars and Indianapolis ABCs,Also played as Harrisburg-St. Louis Stars St. Louis-New Orleans Stars St. Louis Stars and Indianapolis ABCs,Also played as Harrisburg-St. Louis Stars St. Louis-New Orleans Stars St. Louis Stars and Indianapolis ABCs,Also played as Harrisburg-St. Louis Stars St. Louis-New Orleans Stars St. Louis Stars and Indianapolis ABCs,Also played as Harrisburg-St. Louis Stars St. Louis-New Orleans Stars St. Louis Stars and Indianapolis ABCs,Also played as Harrisburg-St. Louis Stars St. Louis-New Orleans Stars St. Louis Stars and Indianapolis ABCs,Also played as Harrisburg-St. Louis Stars St. Louis-New Orleans Stars St. Louis Stars and Indianapolis ABCs,Also played as Harrisburg-St. Louis Stars St. Louis-New Orleans Stars St. Louis Stars and Indianapolis ABCs
115,St. Paul Apostles,1884,1884,9,2,6,.250,-4,0,0,0,0,11,0,24,272,49,,.180,57,3.17
,Also played as St. Paul White Caps,Also played as St. Paul White Caps,Also played as St. Paul White Caps,Also played as St. Paul White Caps,Also played as St. Paul White Caps,Also played as St. Paul White Caps,Also played as St. Paul White Caps,Also played as St. Paul White Caps,Also played as St. Paul White Caps,Also played as St. Paul White Caps,Also played as St. Paul White Caps,Also played as St. Paul White Caps,Also played as St. Paul White Caps,Also played as St. Paul White Caps,Also played as St. Paul White Caps,Also played as St. Paul White Caps,Also played as St. Paul White Caps,Also played as St. Paul White Caps,Also played as St. Paul White Caps,Also played as St. Paul White Caps,Also played as St. Paul White Caps
116,Syracuse Stars,1890,1890,128,55,72,.433,-17,0,0,0,0,30,0,698,4469,1158,14,.259,831,4.98
117,Syracuse Stars,1879,1879,71,22,48,.314,-26,0,0,0,0,18,0,276,2611,592,5,.227,462,3.19
118,Toledo Blue Stockings,1884,1884,110,46,58,.442,-12,0,0,0,0,21,1,463,3712,859,8,.231,571,3.06
119,Toledo Maumees,1890,1890,134,68,64,.515,4,0,0,0,0,20,0,739,4575,1152,24,.252,689,3.56
120,Toledo Tigers,1923,1923,27,10,17,.370,-7,0,0,0,0,31,0,152,939,265,14,.282,195,6.03
121,Troy Trojans,1879,1882,330,134,191,.412,-57,0,0,0,0,44,5,1542,11951,2929,26,.245,1930,2.90
122,Washington Black Senators,1938,1938,21,1,18,.053,-17,0,0,0,0,24,0,60,494,134,2,.271,139,8.49
123,Washington Nationals,1886,1889,514,163,337,.326,-174,0,0,0,0,76,2,2160,17337,3944,125,.227,3239,4.16
124,Washington Nationals,1884,1884,114,47,65,.420,-18,0,0,0,0,51,0,572,3926,931,4,.237,679,3.43
125,Washington Pilots,1932,1932,35,13,22,.371,-9,0,0,0,0,31,1,310,1962,564,19,.287,342,4.89
126,Washington Potomacs,1924,1925,90,29,58,.333,-29,0,0,0,0,41,1,513,3372,928,41,.275,659,5.44
,Also played as Wilmington Potomacs,Also played as Wilmington Potomacs,Also played as Wilmington Potomacs,Also played as Wilmington Potomacs,Also played as Wilmington Potomacs,Also played as Wilmington Potomacs,Also played as Wilmington Potomacs,Also played as Wilmington Potomacs,Also played as Wilmington Potomacs,Also played as Wilmington Potomacs,Also played as Wilmington Potomacs,Also played as Wilmington Potomacs,Also played as Wilmington Potomacs,Also played as Wilmington Potomacs,Also played as Wilmington Potomacs,Also played as Wilmington Potomacs,Also played as Wilmington Potomacs,Also played as Wilmington Potomacs,Also played as Wilmington Potomacs,Also played as Wilmington Potomacs,Also played as Wilmington Potomacs
127,Washington Senators,1891,1899,1265,454,788,.366,-334,0,0,0,0,187,2,6912,43645,11886,357,.272,8777,4.72
,Also played as Washington Statesmen,Also played as Washington Statesmen,Also played as Washington Statesmen,Also played as Washington Statesmen,Also played as Washington Statesmen,Also played as Washington Statesmen,Also played as Washington Statesmen,Also played as Washington Statesmen,Also played as Washington Statesmen,Also played as Washington Statesmen,Also played as Washington Statesmen,Also played as Washington Statesmen,Also played as Washington Statesmen,Also played as Washington Statesmen,Also played as Washington Statesmen,Also played as Washington Statesmen,Also played as Washington Statesmen,Also played as Washington Statesmen,Also played as Washington Statesmen,Also played as Washington Statesmen,Also played as Washington Statesmen
128,Washington Statesmen,1884,1884,63,12,51,.190,-39,0,0,0,0,25,0,248,2166,434,6,.200,481,4.01
,Also played as Washington Nationals,Also played as Washington Nationals,Also played as Washington Nationals,Also played as Washington Nationals,Also played as Washington Nationals,Also played as Washington Nationals,Also played as Washington Nationals,Also played as Washington Nationals,Also played as Washington Nationals,Also played as Washington Nationals,Also played as Washington Nationals,Also played as Washington Nationals,Also played as Washington Nationals,Also played as Washington Nationals,Also played as Washington Nationals,Also played as Washington Nationals,Also played as Washington Nationals,Also played as Washington Nationals,Also played as Washington Nationals,Also played as Washington Nationals,Also played as Washington Nationals
129,Wilmington Quicksteps,1884,1884,18,2,16,.111,-14,0,0,0,0,20,0,35,521,91,2,.175,114,3.04
130,Worcester Ruby Legs,1880,1882,252,90,159,.361,-69,0,0,0,0,46,1,1201,9101,2169,31,.238,1514,3.18